{"cameraMode":{"drawMode":0,"name":"Shaded","section":"Shading Mode"},"sceneLighting":false,"audioPlay":false,"sceneViewState":{"showFog":true,"showMaterialUpdate":true,"showSkybox":false,"showFlares":true,"showImageEffects":true,"showParticleSystems":true},"in2DMode":false,"pivot":{"x":-0.010090102441608906,"y":-0.1769327074289322,"z":0.0},"rotation":{"x":0.13489261269569398,"y":0.007660352159291506,"z":-0.0010534500470384956,"w":0.99083012342453},"size":13.25744342803955,"orthographic":false}