{"cameraMode":{"drawMode":0,"name":"Shaded","section":"Shading Mode"},"sceneLighting":true,"audioPlay":false,"sceneViewState":{"showFog":true,"showMaterialUpdate":true,"showSkybox":true,"showFlares":true,"showImageEffects":true,"showParticleSystems":true},"in2DMode":false,"pivot":{"x":1.690577745437622,"y":-0.16263961791992188,"z":1.4066009521484376},"rotation":{"x":0.06096797436475754,"y":-0.16076427698135377,"z":0.009918220341205597,"w":0.9850581288337708},"size":11.37876033782959,"orthographic":false}