{"cameraMode":{"drawMode":0,"name":"Shaded","section":"Shading Mode"},"sceneLighting":false,"audioPlay":false,"sceneViewState":{"showFog":true,"showMaterialUpdate":true,"showSkybox":false,"showFlares":true,"showImageEffects":true,"showParticleSystems":true},"in2DMode":false,"pivot":{"x":0.09801328182220459,"y":-0.03841176629066467,"z":-0.09323381632566452},"rotation":{"x":0.09257344156503678,"y":-0.7275290489196777,"z":0.10015229880809784,"w":0.6723846197128296},"size":2.680485248565674,"orthographic":false}